{"train/global_step":0,"_timestamp":1.7651138732301154e+09,"_step":0,"_wandb":{"runtime":0},"_runtime":0,"train/exact_match":53.75,"train/f1":61.50841750841753}