{"train/global_step":0,"_timestamp":1.7651563007705548e+09,"_step":0,"train/exact_match":62.5,"train/f1":69.96298840048843,"_wandb":{"runtime":0},"_runtime":0}