{"train/f1":62.53935185185187,"train/global_step":0,"_timestamp":1.765155097154626e+09,"_wandb":{"runtime":0},"_runtime":0,"_step":0,"train/exact_match":57.083333333333336}