{
    "eval_samples": 1935,
    "exact_match": 52.083333333333336,
    "f1": 59.883417508417516
}