{"_step":17,"train_runtime":247.1429,"train/f1":69.14664502164504,"train_loss":0.6767178747601404,"total_flos":4.690407431789568e+15,"train_steps_per_second":6.057,"_timestamp":1.7651132538822432e+09,"train/grad_norm":7.007199764251709,"train/exact_match":60,"train/global_step":1497,"_wandb":{"runtime":194},"train_samples_per_second":96.843,"train/epoch":3,"train/loss":0.1195,"_runtime":194,"train/learning_rate":3.2732130928523717e-06}