{"_timestamp":1.7652694424615295e+09,"train_loss":0.660234665026566,"eval/f1":66.85513397278105,"train/global_step":2994,"total_flos":4.689819514086912e+15,"train/loss":0.102,"eval/exact_match":58.75,"_step":35,"train_steps_per_second":10.656,"train/learning_rate":1.5865063460253842e-06,"train_runtime":280.9648,"train_samples_per_second":85.185,"_wandb":{"runtime":264},"train/grad_norm":23.660507202148438,"train/epoch":3,"_runtime":264}