{"train/global_step":0,"_wandb":{"runtime":0},"_runtime":0,"_timestamp":1.765156084214494e+09,"_step":0,"train/exact_match":62.083333333333336,"train/f1":68.33368945868948}