{"_wandb":{"runtime":0},"_runtime":0,"_step":0,"train/exact_match":59.583333333333336,"train/f1":65.34490740740743,"train/global_step":0,"_timestamp":1.7651553228142428e+09}