{"_timestamp":1.7651545996164691e+09,"_step":0,"_wandb":{"runtime":0},"_runtime":0,"train/exact_match":58.333333333333336,"train/f1":63.95601851851854,"train/global_step":0}