{"train/global_step":29019,"_wandb":{"runtime":2466},"_runtime":2466,"total_flos":4.44074695452815e+16,"train_runtime":2643.2678,"train/grad_norm":0.038504987955093384,"eval/exact_match":60.833333333333336,"train/epoch":3,"train_samples_per_second":87.82,"train/learning_rate":2.0676108756332058e-08,"_step":349,"eval/f1":69.63355367399485,"train_steps_per_second":10.978,"train_loss":0.3606097137966213,"_timestamp":1.7652723300296774e+09,"train/loss":0.1354}