{"train_samples_per_second":32.835,"train_steps_per_second":4.107,"train/epoch":3,"_runtime":684,"total_flos":1.6668665271461376e+16,"train/loss":0.1482,"train/grad_norm":0.058723222464323044,"eval/exact_match":63.75,"train/learning_rate":1.5865063460253842e-06,"_wandb":{"runtime":684},"_timestamp":1.7651542348469362e+09,"train_runtime":728.9205,"train_loss":0.6953630625763653,"_step":35,"eval/f1":71.70843657976015,"train/global_step":2994}