{"_step":5,"train/learning_rate":4.166666666666667e-05,"train/epoch":0.501002004008016,"train/exact_match":60,"_wandb":{"runtime":107},"_runtime":107,"train/grad_norm":54.27277374267578,"_timestamp":1.765152853547015e+09,"train/loss":1.1975,"train/global_step":500,"train/f1":68.88855820105822}